date,on_time,off_time
2025-01-01,4:31 PM,5:42 AM
2025-01-02,4:32 PM,5:40 AM
2025-01-03,4:32 PM,5:39 AM
2025-01-04,4:32 PM,5:37 AM
2025-01-05,4:33 PM,5:36 AM
2025-01-06,4:33 PM,5:34 AM
2025-01-07,4:34 PM,5:33 AM
2025-01-08,4:34 PM,5:31 AM
2025-01-09,4:35 PM,5:30 AM
2025-01-10,4:35 PM,5:28 AM
2025-01-11,4:36 PM,5:27 AM
2025-01-12,4:36 PM,5:26 AM
2025-01-13,4:37 PM,5:24 AM
2025-01-14,4:37 PM,5:23 AM
2025-01-15,4:38 PM,5:21 AM
2025-01-16,4:39 PM,5:20 AM
2025-01-17,4:39 PM,5:18 AM
2025-01-18,4:40 PM,5:17 AM
2025-01-19,4:41 PM,5:16 AM
2025-01-20,4:42 PM,5:14 AM
2025-01-21,4:42 PM,5:13 AM
2025-01-22,4:43 PM,5:12 AM
2025-01-23,4:44 PM,5:10 AM
2025-01-24,4:45 PM,5:09 AM
2025-01-25,4:46 PM,5:08 AM
2025-01-26,4:47 PM,5:07 AM
2025-01-27,4:48 PM,5:05 AM
2025-01-28,4:49 PM,5:04 AM
2025-01-29,4:50 PM,5:03 AM
2025-01-30,4:51 PM,5:02 AM
2025-01-31,4:52 PM,5:01 AM
2025-02-01,4:53 PM,4:59 AM
2025-02-02,4:54 PM,4:58 AM
2025-02-03,4:55 PM,4:57 AM
2025-02-04,4:56 PM,4:56 AM
2025-02-05,4:57 PM,4:55 AM
2025-02-06,4:58 PM,4:54 AM
2025-02-07,4:59 PM,4:53 AM
2025-02-08,5:00 PM,4:52 AM
2025-02-09,5:01 PM,4:51 AM
2025-02-10,5:03 PM,4:50 AM
2025-02-11,5:04 PM,4:49 AM
2025-02-12,5:05 PM,4:48 AM
2025-02-13,5:06 PM,4:47 AM
2025-02-14,5:08 PM,4:46 AM
2025-02-15,5:09 PM,4:45 AM
2025-02-16,5:10 PM,4:44 AM
2025-02-17,5:11 PM,4:43 AM
2025-02-18,5:13 PM,4:43 AM
2025-02-19,5:14 PM,4:42 AM
2025-02-20,5:15 PM,4:41 AM
2025-02-21,5:17 PM,4:40 AM
2025-02-22,5:18 PM,4:40 AM
2025-02-23,5:20 PM,4:39 AM
2025-02-24,5:21 PM,4:38 AM
2025-02-25,5:22 PM,4:38 AM
2025-02-26,5:24 PM,4:37 AM
2025-02-27,5:25 PM,4:36 AM
2025-02-28,5:27 PM,4:36 AM
2025-03-01,5:28 PM,4:35 AM
2025-03-02,5:29 PM,4:35 AM
2025-03-03,5:31 PM,4:34 AM
2025-03-04,5:32 PM,4:34 AM
2025-03-05,5:34 PM,4:33 AM
2025-03-06,5:35 PM,4:33 AM
2025-03-07,5:37 PM,4:32 AM
2025-03-08,5:38 PM,4:32 AM
2025-03-09,5:40 PM,4:32 AM
2025-03-10,5:41 PM,4:31 AM
2025-03-11,5:43 PM,4:31 AM
2025-03-12,5:44 PM,4:31 AM
2025-03-13,5:46 PM,4:31 AM
2025-03-14,5:48 PM,4:30 AM
2025-03-15,5:49 PM,4:30 AM
2025-03-16,5:51 PM,4:30 AM
2025-03-17,5:52 PM,4:30 AM
2025-03-18,5:54 PM,4:30 AM
2025-03-19,5:55 PM,4:30 AM
2025-03-20,5:57 PM,4:30 AM
2025-03-21,5:58 PM,4:30 AM
2025-03-22,6:00 PM,4:30 AM
2025-03-23,6:01 PM,4:30 AM
2025-03-24,6:03 PM,4:30 AM
2025-03-25,6:05 PM,4:30 AM
2025-03-26,6:06 PM,4:30 AM
2025-03-27,6:08 PM,4:30 AM
2025-03-28,6:09 PM,4:30 AM
2025-03-29,6:11 PM,4:30 AM
2025-03-30,6:12 PM,4:30 AM
2025-03-31,6:14 PM,4:31 AM
2025-04-01,6:15 PM,4:31 AM
2025-04-02,6:17 PM,4:31 AM
2025-04-03,6:18 PM,4:31 AM
2025-04-04,6:20 PM,4:32 AM
2025-04-05,6:21 PM,4:32 AM
2025-04-06,6:23 PM,4:33 AM
2025-04-07,6:24 PM,4:33 AM
2025-04-08,6:26 PM,4:33 AM
2025-04-09,6:27 PM,4:34 AM
2025-04-10,6:29 PM,4:34 AM
2025-04-11,6:30 PM,4:35 AM
2025-04-12,6:32 PM,4:35 AM
2025-04-13,6:33 PM,4:36 AM
2025-04-14,6:35 PM,4:37 AM
2025-04-15,6:36 PM,4:37 AM
2025-04-16,6:37 PM,4:38 AM
2025-04-17,6:39 PM,4:39 AM
2025-04-18,6:40 PM,4:39 AM
2025-04-19,6:42 PM,4:40 AM
2025-04-20,6:43 PM,4:41 AM
2025-04-21,6:44 PM,4:41 AM
2025-04-22,6:46 PM,4:42 AM
2025-04-23,6:47 PM,4:43 AM
2025-04-24,6:48 PM,4:44 AM
2025-04-25,6:50 PM,4:45 AM
2025-04-26,6:51 PM,4:46 AM
2025-04-27,6:52 PM,4:46 AM
2025-04-28,6:53 PM,4:47 AM
2025-04-29,6:55 PM,4:48 AM
2025-04-30,6:56 PM,4:49 AM
2025-05-01,6:57 PM,4:50 AM
2025-05-02,6:58 PM,4:51 AM
2025-05-03,6:59 PM,4:52 AM
2025-05-04,7:00 PM,4:53 AM
2025-05-05,7:02 PM,4:54 AM
2025-05-06,7:03 PM,4:55 AM
2025-05-07,7:04 PM,4:57 AM
2025-05-08,7:05 PM,4:58 AM
2025-05-09,7:06 PM,4:59 AM
2025-05-10,7:07 PM,5:00 AM
2025-05-11,7:08 PM,5:01 AM
2025-05-12,7:09 PM,5:02 AM
2025-05-13,7:10 PM,5:04 AM
2025-05-14,7:11 PM,5:05 AM
2025-05-15,7:12 PM,5:06 AM
2025-05-16,7:13 PM,5:07 AM
2025-05-17,7:14 PM,5:08 AM
2025-05-18,7:15 PM,5:10 AM
2025-05-19,7:15 PM,5:11 AM
2025-05-20,7:16 PM,5:12 AM
2025-05-21,7:17 PM,5:14 AM
2025-05-22,7:18 PM,5:15 AM
2025-05-23,7:19 PM,5:16 AM
2025-05-24,7:19 PM,5:18 AM
2025-05-25,7:20 PM,5:19 AM
2025-05-26,7:21 PM,5:21 AM
2025-05-27,7:21 PM,5:22 AM
2025-05-28,7:22 PM,5:23 AM
2025-05-29,7:23 PM,5:25 AM
2025-05-30,7:23 PM,5:26 AM
2025-05-31,7:24 PM,5:28 AM
2025-06-01,7:24 PM,5:29 AM
2025-06-02,7:25 PM,5:31 AM
2025-06-03,7:25 PM,5:32 AM
2025-06-04,7:26 PM,5:34 AM
2025-06-05,7:26 PM,5:35 AM
2025-06-06,7:27 PM,5:37 AM
2025-06-07,7:27 PM,5:38 AM
2025-06-08,7:27 PM,5:40 AM
2025-06-09,7:28 PM,5:41 AM
2025-06-10,7:28 PM,5:43 AM
2025-06-11,7:28 PM,5:44 AM
2025-06-12,7:28 PM,5:46 AM
2025-06-13,7:29 PM,5:47 AM
2025-06-14,7:29 PM,5:49 AM
2025-06-15,7:29 PM,5:50 AM
2025-06-16,7:29 PM,5:52 AM
2025-06-17,7:29 PM,5:53 AM
2025-06-18,7:29 PM,5:55 AM
2025-06-19,7:29 PM,5:56 AM
2025-06-20,7:29 PM,5:58 AM
2025-06-21,7:30 PM,6:00 AM
2025-06-22,7:29 PM,6:01 AM
2025-06-23,7:29 PM,6:03 AM
2025-06-24,7:29 PM,6:04 AM
2025-06-25,7:29 PM,6:06 AM
2025-06-26,7:29 PM,6:07 AM
2025-06-27,7:29 PM,6:09 AM
2025-06-28,7:29 PM,6:10 AM
2025-06-29,7:29 PM,6:12 AM
2025-06-30,7:28 PM,6:13 AM
2025-07-01,7:28 PM,6:15 AM
2025-07-02,7:28 PM,6:16 AM
2025-07-03,7:28 PM,6:18 AM
2025-07-04,7:27 PM,6:19 AM
2025-07-05,7:27 PM,6:21 AM
2025-07-06,7:27 PM,6:22 AM
2025-07-07,7:26 PM,6:24 AM
2025-07-08,7:26 PM,6:25 AM
2025-07-09,7:25 PM,6:27 AM
2025-07-10,7:25 PM,6:28 AM
2025-07-11,7:24 PM,6:30 AM
2025-07-12,7:24 PM,6:31 AM
2025-07-13,7:23 PM,6:33 AM
2025-07-14,7:23 PM,6:34 AM
2025-07-15,7:22 PM,6:36 AM
2025-07-16,7:21 PM,6:37 AM
2025-07-17,7:21 PM,6:38 AM
2025-07-18,7:20 PM,6:40 AM
2025-07-19,7:19 PM,6:41 AM
2025-07-20,7:19 PM,6:43 AM
2025-07-21,7:18 PM,6:44 AM
2025-07-22,7:17 PM,6:45 AM
2025-07-23,7:16 PM,6:47 AM
2025-07-24,7:15 PM,6:48 AM
2025-07-25,7:15 PM,6:49 AM
2025-07-26,7:14 PM,6:51 AM
2025-07-27,7:13 PM,6:52 AM
2025-07-28,7:12 PM,6:53 AM
2025-07-29,7:11 PM,6:54 AM
2025-07-30,7:10 PM,6:55 AM
2025-07-31,7:09 PM,6:57 AM
2025-08-01,7:08 PM,6:58 AM
2025-08-02,7:07 PM,6:59 AM
2025-08-03,7:06 PM,7:00 AM
2025-08-04,7:05 PM,7:01 AM
2025-08-05,7:04 PM,7:02 AM
2025-08-06,7:03 PM,7:04 AM
2025-08-07,7:02 PM,7:05 AM
2025-08-08,7:00 PM,7:06 AM
2025-08-09,6:59 PM,7:07 AM
2025-08-10,6:58 PM,7:08 AM
2025-08-11,6:57 PM,7:09 AM
2025-08-12,6:56 PM,7:10 AM
2025-08-13,6:55 PM,7:11 AM
2025-08-14,6:53 PM,7:12 AM
2025-08-15,6:52 PM,7:13 AM
2025-08-16,6:51 PM,7:13 AM
2025-08-17,6:50 PM,7:14 AM
2025-08-18,6:48 PM,7:15 AM
2025-08-19,6:47 PM,7:16 AM
2025-08-20,6:46 PM,7:17 AM
2025-08-21,6:44 PM,7:18 AM
2025-08-22,6:43 PM,7:18 AM
2025-08-23,6:42 PM,7:19 AM
2025-08-24,6:40 PM,7:20 AM
2025-08-25,6:39 PM,7:20 AM
2025-08-26,6:37 PM,7:21 AM
2025-08-27,6:36 PM,7:22 AM
2025-08-28,6:35 PM,7:22 AM
2025-08-29,6:33 PM,7:23 AM
2025-08-30,6:32 PM,7:24 AM
2025-08-31,6:30 PM,7:24 AM
2025-09-01,6:29 PM,7:25 AM
2025-09-02,6:27 PM,7:25 AM
2025-09-03,6:26 PM,7:26 AM
2025-09-04,6:24 PM,7:26 AM
2025-09-05,6:23 PM,7:26 AM
2025-09-06,6:21 PM,7:27 AM
2025-09-07,6:20 PM,7:27 AM
2025-09-08,6:18 PM,7:28 AM
2025-09-09,6:17 PM,7:28 AM
2025-09-10,6:15 PM,7:28 AM
2025-09-11,6:14 PM,7:28 AM
2025-09-12,6:12 PM,7:29 AM
2025-09-13,6:11 PM,7:29 AM
2025-09-14,6:09 PM,7:29 AM
2025-09-15,6:08 PM,7:29 AM
2025-09-16,6:06 PM,7:29 AM
2025-09-17,6:05 PM,7:29 AM
2025-09-18,6:03 PM,7:29 AM
2025-09-19,6:01 PM,7:29 AM
2025-09-20,6:00 PM,7:29 AM
2025-09-21,5:58 PM,7:29 AM
2025-09-22,5:57 PM,7:29 AM
2025-09-23,5:55 PM,7:29 AM
2025-09-24,5:54 PM,7:29 AM
2025-09-25,5:52 PM,7:29 AM
2025-09-26,5:51 PM,7:29 AM
2025-09-27,5:49 PM,7:29 AM
2025-09-28,5:48 PM,7:29 AM
2025-09-29,5:46 PM,7:28 AM
2025-09-30,5:44 PM,7:28 AM
2025-10-01,5:43 PM,7:28 AM
2025-10-02,5:41 PM,7:28 AM
2025-10-03,5:40 PM,7:27 AM
2025-10-04,5:38 PM,7:27 AM
2025-10-05,5:37 PM,7:27 AM
2025-10-06,5:35 PM,7:26 AM
2025-10-07,5:34 PM,7:26 AM
2025-10-08,5:32 PM,7:25 AM
2025-10-09,5:31 PM,7:25 AM
2025-10-10,5:29 PM,7:24 AM
2025-10-11,5:28 PM,7:24 AM
2025-10-12,5:27 PM,7:23 AM
2025-10-13,5:25 PM,7:23 AM
2025-10-14,5:24 PM,7:22 AM
2025-10-15,5:22 PM,7:21 AM
2025-10-16,5:21 PM,7:21 AM
2025-10-17,5:20 PM,7:20 AM
2025-10-18,5:18 PM,7:19 AM
2025-10-19,5:17 PM,7:19 AM
2025-10-20,5:15 PM,7:18 AM
2025-10-21,5:14 PM,7:17 AM
2025-10-22,5:13 PM,7:16 AM
2025-10-23,5:11 PM,7:16 AM
2025-10-24,5:10 PM,7:15 AM
2025-10-25,5:09 PM,7:14 AM
2025-10-26,5:08 PM,7:13 AM
2025-10-27,5:06 PM,7:12 AM
2025-10-28,5:05 PM,7:11 AM
2025-10-29,5:04 PM,7:10 AM
2025-10-30,5:03 PM,7:09 AM
2025-10-31,5:01 PM,7:08 AM
2025-11-01,5:00 PM,7:07 AM
2025-11-02,4:59 PM,7:06 AM
2025-11-03,4:58 PM,7:05 AM
2025-11-04,4:57 PM,7:04 AM
2025-11-05,4:56 PM,7:03 AM
2025-11-06,4:55 PM,7:02 AM
2025-11-07,4:54 PM,7:01 AM
2025-11-08,4:53 PM,7:00 AM
2025-11-09,4:52 PM,6:58 AM
2025-11-10,4:51 PM,6:57 AM
2025-11-11,4:50 PM,6:56 AM
2025-11-12,4:49 PM,6:55 AM
2025-11-13,4:48 PM,6:54 AM
2025-11-14,4:47 PM,6:52 AM
2025-11-15,4:46 PM,6:51 AM
2025-11-16,4:45 PM,6:50 AM
2025-11-17,4:44 PM,6:49 AM
2025-11-18,4:43 PM,6:47 AM
2025-11-19,4:42 PM,6:46 AM
2025-11-20,4:42 PM,6:45 AM
2025-11-21,4:41 PM,6:43 AM
2025-11-22,4:40 PM,6:42 AM
2025-11-23,4:39 PM,6:41 AM
2025-11-24,4:39 PM,6:39 AM
2025-11-25,4:38 PM,6:38 AM
2025-11-26,4:37 PM,6:36 AM
2025-11-27,4:37 PM,6:35 AM
2025-11-28,4:36 PM,6:33 AM
2025-11-29,4:36 PM,6:32 AM
2025-11-30,4:35 PM,6:31 AM
2025-12-01,4:35 PM,6:29 AM
2025-12-02,4:34 PM,6:28 AM
2025-12-03,4:34 PM,6:26 AM
2025-12-04,4:33 PM,6:25 AM
2025-12-05,4:33 PM,6:23 AM
2025-12-06,4:32 PM,6:22 AM
2025-12-07,4:32 PM,6:20 AM
2025-12-08,4:32 PM,6:19 AM
2025-12-09,4:31 PM,6:17 AM
2025-12-10,4:31 PM,6:16 AM
2025-12-11,4:31 PM,6:14 AM
2025-12-12,4:30 PM,6:13 AM
2025-12-13,4:30 PM,6:11 AM
2025-12-14,4:30 PM,6:10 AM
2025-12-15,4:30 PM,6:08 AM
2025-12-16,4:30 PM,6:06 AM
2025-12-17,4:30 PM,6:05 AM
2025-12-18,4:30 PM,6:03 AM
2025-12-19,4:30 PM,6:02 AM
2025-12-20,4:30 PM,6:00 AM
2025-12-21,4:30 PM,5:59 AM
2025-12-22,4:30 PM,5:57 AM
2025-12-23,4:30 PM,5:56 AM
2025-12-24,4:30 PM,5:54 AM
2025-12-25,4:30 PM,5:53 AM
2025-12-26,4:30 PM,5:51 AM
2025-12-27,4:30 PM,5:49 AM
2025-12-28,4:30 PM,5:48 AM
2025-12-29,4:30 PM,5:46 AM
2025-12-30,4:31 PM,5:45 AM
2025-12-31,4:31 PM,5:43 AM
